2019年04月15日(月)10:00出発,10:10→10:5545分,10:18→10:5941分,10:28→11:1143分,10:10発→10:55着45分（乗車20分）,10:18発→10:59着41分（乗車21分）,10:28発→11:11着43分（乗車17分）
2019年04月15日(月)10:01出発,10:10→10:5545分,10:18→10:5941分,10:28→11:1143分,10:10発→10:55着45分（乗車20分）,10:18発→10:59着41分（乗車21分）,10:28発→11:11着43分（乗車17分）
2019年04月15日(月)10:02出発,10:10→10:5545分,10:18→10:5941分,10:28→11:1143分,10:10発→10:55着45分（乗車20分）,10:18発→10:59着41分（乗車21分）,10:28発→11:11着43分（乗車17分）
2019年04月15日(月)10:03出発,10:10→10:5545分,10:18→10:5941分,10:28→11:1143分,10:10発→10:55着45分（乗車20分）,10:18発→10:59着41分（乗車21分）,10:28発→11:11着43分（乗車17分）
2019年04月15日(月)10:04出発,10:10→10:5545分,10:18→10:5941分,10:28→11:1143分,10:10発→10:55着45分（乗車20分）,10:18発→10:59着41分（乗車21分）,10:28発→11:11着43分（乗車17分）
2019年04月15日(月)10:05出発,10:10→10:5545分,10:18→10:5941分,10:28→11:1143分,10:10発→10:55着45分（乗車20分）,10:18発→10:59着41分（乗車21分）,10:28発→11:11着43分（乗車17分）
2019年04月15日(月)10:06出発,10:10→10:5545分,10:18→10:5941分,10:28→11:1143分,10:10発→10:55着45分（乗車20分）,10:18発→10:59着41分（乗車21分）,10:28発→11:11着43分（乗車17分）
2019年04月15日(月)10:07出発,10:10→10:5545分,10:18→10:5941分,10:28→11:1143分,10:10発→10:55着45分（乗車20分）,10:18発→10:59着41分（乗車21分）,10:28発→11:11着43分（乗車17分）
2019年04月15日(月)10:08出発,10:10→10:5545分,10:18→10:5941分,10:28→11:1143分,10:10発→10:55着45分（乗車20分）,10:18発→10:59着41分（乗車21分）,10:28発→11:11着43分（乗車17分）
2019年04月15日(月)10:09出発,10:10→10:5545分,10:18→10:5941分,10:28→11:1143分,10:10発→10:55着45分（乗車20分）,10:18発→10:59着41分（乗車21分）,10:28発→11:11着43分（乗車17分）
2019年04月15日(月)10:10出発,10:10→10:5545分,10:18→10:5941分,10:28→11:1143分,10:10発→10:55着45分（乗車20分）,10:18発→10:59着41分（乗車21分）,10:28発→11:11着43分（乗車17分）
2019年04月15日(月)10:11出発,10:18→10:5941分,10:28→11:1143分,10:38→11:1840分,10:18発→10:59着41分（乗車21分）,10:28発→11:11着43分（乗車17分）,10:38発→11:18着40分（乗車19分）
2019年04月15日(月)10:12出発,10:18→10:5941分,10:28→11:1143分,10:38→11:1840分,10:18発→10:59着41分（乗車21分）,10:28発→11:11着43分（乗車17分）,10:38発→11:18着40分（乗車19分）
2019年04月15日(月)10:13出発,10:18→10:5941分,10:28→11:1143分,10:38→11:1840分,10:18発→10:59着41分（乗車21分）,10:28発→11:11着43分（乗車17分）,10:38発→11:18着40分（乗車19分）
2019年04月15日(月)10:14出発,10:18→10:5941分,10:28→11:1143分,10:38→11:1840分,10:18発→10:59着41分（乗車21分）,10:28発→11:11着43分（乗車17分）,10:38発→11:18着40分（乗車19分）
2019年04月15日(月)10:15出発,10:18→10:5941分,10:28→11:1143分,10:38→11:1840分,10:18発→10:59着41分（乗車21分）,10:28発→11:11着43分（乗車17分）,10:38発→11:18着40分（乗車19分）
2019年04月15日(月)10:16出発,10:18→10:5941分,10:28→11:1143分,10:38→11:1840分,10:18発→10:59着41分（乗車21分）,10:28発→11:11着43分（乗車17分）,10:38発→11:18着40分（乗車19分）
2019年04月15日(月)10:17出発,10:18→10:5941分,10:28→11:1143分,10:38→11:1840分,10:18発→10:59着41分（乗車21分）,10:28発→11:11着43分（乗車17分）,10:38発→11:18着40分（乗車19分）
2019年04月15日(月)10:18出発,10:18→10:5941分,10:28→11:1143分,10:38→11:1840分,10:18発→10:59着41分（乗車21分）,10:28発→11:11着43分（乗車17分）,10:38発→11:18着40分（乗車19分）
2019年04月15日(月)10:19出発,10:28→11:1143分,10:38→11:1840分,10:46→11:3145分,10:28発→11:11着43分（乗車17分）,10:38発→11:18着40分（乗車19分）,10:46発→11:31着45分（乗車17分）
2019年04月15日(月)10:20出発,10:28→11:1143分,10:38→11:1840分,10:46→11:3145分,10:28発→11:11着43分（乗車17分）,10:38発→11:18着40分（乗車19分）,10:46発→11:31着45分（乗車17分）
2019年04月15日(月)10:21出発,10:28→11:1143分,10:38→11:1840分,10:46→11:3145分,10:28発→11:11着43分（乗車17分）,10:38発→11:18着40分（乗車19分）,10:46発→11:31着45分（乗車17分）
2019年04月15日(月)10:22出発,10:28→11:1143分,10:38→11:1840分,10:46→11:3145分,10:28発→11:11着43分（乗車17分）,10:38発→11:18着40分（乗車19分）,10:46発→11:31着45分（乗車17分）
2019年04月15日(月)10:23出発,10:28→11:1143分,10:38→11:1840分,10:46→11:3145分,10:28発→11:11着43分（乗車17分）,10:38発→11:18着40分（乗車19分）,10:46発→11:31着45分（乗車17分）
2019年04月15日(月)10:24出発,10:28→11:1143分,10:38→11:1840分,10:46→11:3145分,10:28発→11:11着43分（乗車17分）,10:38発→11:18着40分（乗車19分）,10:46発→11:31着45分（乗車17分）
2019年04月15日(月)10:25出発,10:28→11:1143分,10:38→11:1840分,10:46→11:3145分,10:28発→11:11着43分（乗車17分）,10:38発→11:18着40分（乗車19分）,10:46発→11:31着45分（乗車17分）
2019年04月15日(月)10:26出発,10:28→11:1143分,10:38→11:1840分,10:46→11:3145分,10:28発→11:11着43分（乗車17分）,10:38発→11:18着40分（乗車19分）,10:46発→11:31着45分（乗車17分）
2019年04月15日(月)10:27出発,10:28→11:1143分,10:38→11:1840分,10:46→11:3145分,10:28発→11:11着43分（乗車17分）,10:38発→11:18着40分（乗車19分）,10:46発→11:31着45分（乗車17分）
2019年04月15日(月)10:28出発,10:28→11:1143分,10:38→11:1840分,10:46→11:3145分,10:28発→11:11着43分（乗車17分）,10:38発→11:18着40分（乗車19分）,10:46発→11:31着45分（乗車17分）
2019年04月15日(月)10:29出発,10:38→11:1840分,10:46→11:3145分,10:46→11:3246分,10:38発→11:18着40分（乗車19分）,10:46発→11:31着45分（乗車17分）,10:46発→11:32着46分（乗車26分）
2019年04月15日(月)10:30出発,10:38→11:1840分,10:46→11:3145分,10:46→11:3246分,10:38発→11:18着40分（乗車19分）,10:46発→11:31着45分（乗車17分）,10:46発→11:32着46分（乗車26分）
2019年04月15日(月)10:31出発,10:38→11:1840分,10:46→11:3145分,10:46→11:3246分,10:38発→11:18着40分（乗車19分）,10:46発→11:31着45分（乗車17分）,10:46発→11:32着46分（乗車26分）
2019年04月15日(月)10:32出発,10:38→11:1840分,10:46→11:3145分,10:46→11:3246分,10:38発→11:18着40分（乗車19分）,10:46発→11:31着45分（乗車17分）,10:46発→11:32着46分（乗車26分）
2019年04月15日(月)10:33出発,10:38→11:1840分,10:46→11:3145分,10:46→11:3246分,10:38発→11:18着40分（乗車19分）,10:46発→11:31着45分（乗車17分）,10:46発→11:32着46分（乗車26分）
2019年04月15日(月)10:34出発,10:38→11:1840分,10:46→11:3145分,10:46→11:3246分,10:38発→11:18着40分（乗車19分）,10:46発→11:31着45分（乗車17分）,10:46発→11:32着46分（乗車26分）
2019年04月15日(月)10:35出発,10:38→11:1840分,10:46→11:3145分,10:46→11:3246分,10:38発→11:18着40分（乗車19分）,10:46発→11:31着45分（乗車17分）,10:46発→11:32着46分（乗車26分）
2019年04月15日(月)10:36出発,10:38→11:1840分,10:46→11:3145分,10:46→11:3246分,10:38発→11:18着40分（乗車19分）,10:46発→11:31着45分（乗車17分）,10:46発→11:32着46分（乗車26分）
2019年04月15日(月)10:37出発,10:38→11:1840分,10:46→11:3145分,10:46→11:3246分,10:38発→11:18着40分（乗車19分）,10:46発→11:31着45分（乗車17分）,10:46発→11:32着46分（乗車26分）
2019年04月15日(月)10:38出発,10:38→11:1840分,10:46→11:3145分,10:46→11:3246分,10:38発→11:18着40分（乗車19分）,10:46発→11:31着45分（乗車17分）,10:46発→11:32着46分（乗車26分）
2019年04月15日(月)10:39出発,10:46→11:3145分,10:57→11:3841分,11:06→11:5145分,10:46発→11:31着45分（乗車17分）,10:57発→11:38着41分（乗車20分）,11:06発→11:51着45分（乗車17分）
2019年04月15日(月)10:40出発,10:46→11:3145分,10:57→11:3841分,11:06→11:5145分,10:46発→11:31着45分（乗車17分）,10:57発→11:38着41分（乗車20分）,11:06発→11:51着45分（乗車17分）
2019年04月15日(月)10:41出発,10:46→11:3145分,10:57→11:3841分,11:06→11:5145分,10:46発→11:31着45分（乗車17分）,10:57発→11:38着41分（乗車20分）,11:06発→11:51着45分（乗車17分）
2019年04月15日(月)10:42出発,10:46→11:3145分,10:57→11:3841分,11:06→11:5145分,10:46発→11:31着45分（乗車17分）,10:57発→11:38着41分（乗車20分）,11:06発→11:51着45分（乗車17分）
2019年04月15日(月)10:43出発,10:46→11:3145分,10:57→11:3841分,11:06→11:5145分,10:46発→11:31着45分（乗車17分）,10:57発→11:38着41分（乗車20分）,11:06発→11:51着45分（乗車17分）
2019年04月15日(月)10:44出発,10:46→11:3145分,10:57→11:3841分,11:06→11:5145分,10:46発→11:31着45分（乗車17分）,10:57発→11:38着41分（乗車20分）,11:06発→11:51着45分（乗車17分）
2019年04月15日(月)10:45出発,10:46→11:3145分,10:57→11:3841分,11:06→11:5145分,10:46発→11:31着45分（乗車17分）,10:57発→11:38着41分（乗車20分）,11:06発→11:51着45分（乗車17分）
2019年04月15日(月)10:46出発,10:46→11:3145分,10:57→11:3841分,11:06→11:5145分,10:46発→11:31着45分（乗車17分）,10:57発→11:38着41分（乗車20分）,11:06発→11:51着45分（乗車17分）
2019年04月15日(月)10:47出発,10:57→11:3841分,11:06→11:5145分,11:06→11:5246分,10:57発→11:38着41分（乗車20分）,11:06発→11:51着45分（乗車17分）,11:06発→11:52着46分（乗車26分）
2019年04月15日(月)10:48出発,10:57→11:3841分,11:06→11:5145分,11:06→11:5246分,10:57発→11:38着41分（乗車20分）,11:06発→11:51着45分（乗車17分）,11:06発→11:52着46分（乗車26分）
2019年04月15日(月)10:49出発,10:57→11:3841分,11:06→11:5145分,11:06→11:5246分,10:57発→11:38着41分（乗車20分）,11:06発→11:51着45分（乗車17分）,11:06発→11:52着46分（乗車26分）
2019年04月15日(月)10:50出発,10:57→11:3841分,11:06→11:5145分,11:06→11:5246分,10:57発→11:38着41分（乗車20分）,11:06発→11:51着45分（乗車17分）,11:06発→11:52着46分（乗車26分）
2019年04月15日(月)10:51出発,10:57→11:3841分,11:06→11:5145分,11:06→11:5246分,10:57発→11:38着41分（乗車20分）,11:06発→11:51着45分（乗車17分）,11:06発→11:52着46分（乗車26分）
2019年04月15日(月)10:52出発,10:57→11:3841分,11:06→11:5145分,11:06→11:5246分,10:57発→11:38着41分（乗車20分）,11:06発→11:51着45分（乗車17分）,11:06発→11:52着46分（乗車26分）
2019年04月15日(月)10:53出発,10:57→11:3841分,11:06→11:5145分,11:06→11:5246分,10:57発→11:38着41分（乗車20分）,11:06発→11:51着45分（乗車17分）,11:06発→11:52着46分（乗車26分）
2019年04月15日(月)10:54出発,10:57→11:3841分,11:06→11:5145分,11:06→11:5246分,10:57発→11:38着41分（乗車20分）,11:06発→11:51着45分（乗車17分）,11:06発→11:52着46分（乗車26分）
2019年04月15日(月)10:55出発,10:57→11:3841分,11:06→11:5145分,11:06→11:5246分,10:57発→11:38着41分（乗車20分）,11:06発→11:51着45分（乗車17分）,11:06発→11:52着46分（乗車26分）
2019年04月15日(月)10:56出発,10:57→11:3841分,11:06→11:5145分,11:06→11:5246分,10:57発→11:38着41分（乗車20分）,11:06発→11:51着45分（乗車17分）,11:06発→11:52着46分（乗車26分）
2019年04月15日(月)10:57出発,10:57→11:3841分,11:06→11:5145分,11:06→11:5246分,10:57発→11:38着41分（乗車20分）,11:06発→11:51着45分（乗車17分）,11:06発→11:52着46分（乗車26分）
2019年04月15日(月)10:58出発,11:06→11:5145分,11:17→11:5841分,11:26→12:1145分,11:06発→11:51着45分（乗車17分）,11:17発→11:58着41分（乗車20分）,11:26発→12:11着45分（乗車17分）
2019年04月15日(月)10:59出発,11:06→11:5145分,11:17→11:5841分,11:26→12:1145分,11:06発→11:51着45分（乗車17分）,11:17発→11:58着41分（乗車20分）,11:26発→12:11着45分（乗車17分）
